acc_train,acc_test,overfitting
1.0,0.7169660678642714,0.283034
