acc_train,acc_test,overfitting
1.0,0.7173652694610778,0.282635
