acc_train,acc_test,overfitting
0.8573358994308178,0.8482453625977642,0.009091
