acc_train,acc_test,overfitting
0.857254002702592,0.8483682076901028,0.008886
